{
    "name": "misuse_svc_matches_f1_0",
    "timestamp": "",
    "thresholds": {
        "num_thresholds": 51,
        "min_threshold": 0.0,
        "max_threshold": 1.0
    },
    "optimum": {
        "threshold": 0.5,
        "f1_score": 0.9988901220865705,
        "precision": 1.0,
        "recall": 0.9977827050997783,
        "mcc": 0.997470849269345,
        "tn": 351.0,
        "tp": 450.0,
        "fn": 1.0,
        "fp": 0.0
    },
    "default": {
        "threshold": 0.5,
        "f1_score": 0.9988901220865705,
        "precision": 1.0,
        "recall": 0.9977827050997783,
        "mcc": 0.997470849269345,
        "tn": 351.0,
        "tp": 450.0,
        "fn": 1.0,
        "fp": 0.0
    }
}