{
    "name": "misuse_svc_rules_f1_0",
    "timestamp": "",
    "thresholds": {
        "num_thresholds": 51,
        "min_threshold": 0.0,
        "max_threshold": 1.0
    },
    "optimum": {
        "threshold": 0.5,
        "f1_score": 0.9961013645224172,
        "precision": 0.9941634241245136,
        "recall": 0.998046875,
        "mcc": 0.9903985724107757,
        "tn": 348.0,
        "tp": 511.0,
        "fn": 1.0,
        "fp": 3.0
    },
    "default": {
        "threshold": 0.5,
        "f1_score": 0.9961013645224172,
        "precision": 0.9941634241245136,
        "recall": 0.998046875,
        "mcc": 0.9903985724107757,
        "tn": 348.0,
        "tp": 511.0,
        "fn": 1.0,
        "fp": 3.0
    }
}