{
    "name": "misuse_svc_matches_f1_0",
    "timestamp": "",
    "thresholds": {
        "num_thresholds": 51,
        "min_threshold": 0.0,
        "max_threshold": 1.0
    },
    "optimum": {
        "threshold": 0.16,
        "f1_score": 0.9978354978354979,
        "precision": 0.9956803455723542,
        "recall": 1.0,
        "mcc": 0.9949909312601249,
        "tn": 349.0,
        "tp": 461.0,
        "fn": 0.0,
        "fp": 2.0
    },
    "default": {
        "threshold": 0.5,
        "f1_score": 0.9978260869565216,
        "precision": 1.0,
        "recall": 0.9956616052060737,
        "mcc": 0.9949977200812804,
        "tn": 351.0,
        "tp": 459.0,
        "fn": 2.0,
        "fp": 0.0
    }
}