{
    "name": "misuse_svc_rules_tainted_30_f1_4",
    "timestamp": "",
    "thresholds": {
        "num_thresholds": 51,
        "min_threshold": 0.0,
        "max_threshold": 1.0
    },
    "optimum": {
        "threshold": 0.46,
        "f1_score": 0.9526462395543176,
        "precision": 0.95,
        "recall": 0.9553072625698324,
        "mcc": 0.9040899672214832,
        "tn": 333.0,
        "tp": 342.0,
        "fn": 16.0,
        "fp": 18.0
    },
    "default": {
        "threshold": 0.5,
        "f1_score": 0.9512893982808024,
        "precision": 0.9764705882352941,
        "recall": 0.9273743016759777,
        "mcc": 0.9052957998487717,
        "tn": 343.0,
        "tp": 332.0,
        "fn": 26.0,
        "fp": 8.0
    }
}