{
    "name": "misuse_svc_rules_tainted_10_f1_8",
    "timestamp": "",
    "thresholds": {
        "num_thresholds": 51,
        "min_threshold": 0.0,
        "max_threshold": 1.0
    },
    "optimum": {
        "threshold": 0.5,
        "f1_score": 0.9804347826086957,
        "precision": 0.9804347826086957,
        "recall": 0.9804347826086957,
        "mcc": 0.95479375696767,
        "tn": 342.0,
        "tp": 451.0,
        "fn": 9.0,
        "fp": 9.0
    },
    "default": {
        "threshold": 0.5,
        "f1_score": 0.9804347826086957,
        "precision": 0.9804347826086957,
        "recall": 0.9804347826086957,
        "mcc": 0.95479375696767,
        "tn": 342.0,
        "tp": 451.0,
        "fn": 9.0,
        "fp": 9.0
    }
}