{
    "name": "misuse_svc_rules_tainted_20_f1_1",
    "timestamp": "",
    "thresholds": {
        "num_thresholds": 51,
        "min_threshold": 0.0,
        "max_threshold": 1.0
    },
    "optimum": {
        "threshold": 0.5,
        "f1_score": 0.9572864321608041,
        "precision": 0.9844961240310077,
        "recall": 0.9315403422982885,
        "mcc": 0.9119342621261173,
        "tn": 345.0,
        "tp": 381.0,
        "fn": 28.0,
        "fp": 6.0
    },
    "default": {
        "threshold": 0.5,
        "f1_score": 0.9572864321608041,
        "precision": 0.9844961240310077,
        "recall": 0.9315403422982885,
        "mcc": 0.9119342621261173,
        "tn": 345.0,
        "tp": 381.0,
        "fn": 28.0,
        "fp": 6.0
    }
}