{
    "name": "misuse_svc_rules_tainted_20_f1_6",
    "timestamp": "",
    "thresholds": {
        "num_thresholds": 51,
        "min_threshold": 0.0,
        "max_threshold": 1.0
    },
    "optimum": {
        "threshold": 0.5,
        "f1_score": 0.9639751552795032,
        "precision": 0.9797979797979798,
        "recall": 0.9486552567237164,
        "mcc": 0.9239825429100462,
        "tn": 343.0,
        "tp": 388.0,
        "fn": 21.0,
        "fp": 8.0
    },
    "default": {
        "threshold": 0.5,
        "f1_score": 0.9639751552795032,
        "precision": 0.9797979797979798,
        "recall": 0.9486552567237164,
        "mcc": 0.9239825429100462,
        "tn": 343.0,
        "tp": 388.0,
        "fn": 21.0,
        "fp": 8.0
    }
}