{
    "name": "misuse_svc_rules_tainted_30_f1_7",
    "timestamp": "",
    "thresholds": {
        "num_thresholds": 51,
        "min_threshold": 0.0,
        "max_threshold": 1.0
    },
    "optimum": {
        "threshold": 0.5,
        "f1_score": 0.9550561797752809,
        "precision": 0.96045197740113,
        "recall": 0.9497206703910615,
        "mcc": 0.9097911902399867,
        "tn": 337.0,
        "tp": 340.0,
        "fn": 18.0,
        "fp": 14.0
    },
    "default": {
        "threshold": 0.5,
        "f1_score": 0.9550561797752809,
        "precision": 0.96045197740113,
        "recall": 0.9497206703910615,
        "mcc": 0.9097911902399867,
        "tn": 337.0,
        "tp": 340.0,
        "fn": 18.0,
        "fp": 14.0
    }
}