{
    "name": "misuse_svc_rules_tainted_30_f1_1",
    "timestamp": "",
    "thresholds": {
        "num_thresholds": 51,
        "min_threshold": 0.0,
        "max_threshold": 1.0
    },
    "optimum": {
        "threshold": 0.38,
        "f1_score": 0.9514563106796117,
        "precision": 0.9449035812672176,
        "recall": 0.9581005586592178,
        "mcc": 0.9013357151955631,
        "tn": 331.0,
        "tp": 343.0,
        "fn": 15.0,
        "fp": 20.0
    },
    "default": {
        "threshold": 0.5,
        "f1_score": 0.9494949494949495,
        "precision": 0.982089552238806,
        "recall": 0.9189944134078212,
        "mcc": 0.9032239496324916,
        "tn": 345.0,
        "tp": 329.0,
        "fn": 29.0,
        "fp": 6.0
    }
}