{
    "name": "misuse_svc_rules_tainted_20_f1_7",
    "timestamp": "",
    "thresholds": {
        "num_thresholds": 51,
        "min_threshold": 0.0,
        "max_threshold": 1.0
    },
    "optimum": {
        "threshold": 0.5,
        "f1_score": 0.9754901960784315,
        "precision": 0.9778869778869779,
        "recall": 0.9731051344743277,
        "mcc": 0.947094734814999,
        "tn": 342.0,
        "tp": 398.0,
        "fn": 11.0,
        "fp": 9.0
    },
    "default": {
        "threshold": 0.5,
        "f1_score": 0.9754901960784315,
        "precision": 0.9778869778869779,
        "recall": 0.9731051344743277,
        "mcc": 0.947094734814999,
        "tn": 342.0,
        "tp": 398.0,
        "fn": 11.0,
        "fp": 9.0
    }
}