{
    "name": "misuse_svc_rules_tainted_10_f1_1",
    "timestamp": "",
    "thresholds": {
        "num_thresholds": 51,
        "min_threshold": 0.0,
        "max_threshold": 1.0
    },
    "optimum": {
        "threshold": 0.5,
        "f1_score": 0.9881337648327939,
        "precision": 0.9807280513918629,
        "recall": 0.9956521739130435,
        "mcc": 0.9724595331292422,
        "tn": 342.0,
        "tp": 458.0,
        "fn": 2.0,
        "fp": 9.0
    },
    "default": {
        "threshold": 0.5,
        "f1_score": 0.9881337648327939,
        "precision": 0.9807280513918629,
        "recall": 0.9956521739130435,
        "mcc": 0.9724595331292422,
        "tn": 342.0,
        "tp": 458.0,
        "fn": 2.0,
        "fp": 9.0
    }
}