{
    "name": "misuse_svc_rules_tainted_20_f1_2",
    "timestamp": "",
    "thresholds": {
        "num_thresholds": 51,
        "min_threshold": 0.0,
        "max_threshold": 1.0
    },
    "optimum": {
        "threshold": 0.5,
        "f1_score": 0.9753694581280787,
        "precision": 0.9826302729528535,
        "recall": 0.9682151589242054,
        "mcc": 0.9472433649989125,
        "tn": 344.0,
        "tp": 396.0,
        "fn": 13.0,
        "fp": 7.0
    },
    "default": {
        "threshold": 0.5,
        "f1_score": 0.9753694581280787,
        "precision": 0.9826302729528535,
        "recall": 0.9682151589242054,
        "mcc": 0.9472433649989125,
        "tn": 344.0,
        "tp": 396.0,
        "fn": 13.0,
        "fp": 7.0
    }
}