{
    "name": "misuse_svc_rules_tainted_20_f1_4",
    "timestamp": "",
    "thresholds": {
        "num_thresholds": 51,
        "min_threshold": 0.0,
        "max_threshold": 1.0
    },
    "optimum": {
        "threshold": 0.42,
        "f1_score": 0.9705882352941176,
        "precision": 0.972972972972973,
        "recall": 0.9682151589242054,
        "mcc": 0.9365108813487499,
        "tn": 340.0,
        "tp": 396.0,
        "fn": 13.0,
        "fp": 11.0
    },
    "default": {
        "threshold": 0.5,
        "f1_score": 0.9701492537313432,
        "precision": 0.9873417721518988,
        "recall": 0.9535452322738386,
        "mcc": 0.9372914498749298,
        "tn": 346.0,
        "tp": 390.0,
        "fn": 19.0,
        "fp": 5.0
    }
}