{
    "name": "misuse_svc_rules_tainted_30_f1_2",
    "timestamp": "",
    "thresholds": {
        "num_thresholds": 51,
        "min_threshold": 0.0,
        "max_threshold": 1.0
    },
    "optimum": {
        "threshold": 0.5,
        "f1_score": 0.9575070821529744,
        "precision": 0.9712643678160919,
        "recall": 0.9441340782122905,
        "mcc": 0.9157533712181353,
        "tn": 341.0,
        "tp": 338.0,
        "fn": 20.0,
        "fp": 10.0
    },
    "default": {
        "threshold": 0.5,
        "f1_score": 0.9575070821529744,
        "precision": 0.9712643678160919,
        "recall": 0.9441340782122905,
        "mcc": 0.9157533712181353,
        "tn": 341.0,
        "tp": 338.0,
        "fn": 20.0,
        "fp": 10.0
    }
}