{
    "name": "misuse_svc_rules_tainted_10_f1_4",
    "timestamp": "",
    "thresholds": {
        "num_thresholds": 51,
        "min_threshold": 0.0,
        "max_threshold": 1.0
    },
    "optimum": {
        "threshold": 0.5,
        "f1_score": 0.9679558011049724,
        "precision": 0.9842696629213483,
        "recall": 0.9521739130434783,
        "mcc": 0.9281868616680113,
        "tn": 344.0,
        "tp": 438.0,
        "fn": 22.0,
        "fp": 7.0
    },
    "default": {
        "threshold": 0.5,
        "f1_score": 0.9679558011049724,
        "precision": 0.9842696629213483,
        "recall": 0.9521739130434783,
        "mcc": 0.9281868616680113,
        "tn": 344.0,
        "tp": 438.0,
        "fn": 22.0,
        "fp": 7.0
    }
}