{
    "name": "misuse_svc_rules_tainted_30_f1_9",
    "timestamp": "",
    "thresholds": {
        "num_thresholds": 51,
        "min_threshold": 0.0,
        "max_threshold": 1.0
    },
    "optimum": {
        "threshold": 0.5,
        "f1_score": 0.9702970297029703,
        "precision": 0.9828080229226361,
        "recall": 0.9581005586592178,
        "mcc": 0.9410739464964548,
        "tn": 345.0,
        "tp": 343.0,
        "fn": 15.0,
        "fp": 6.0
    },
    "default": {
        "threshold": 0.5,
        "f1_score": 0.9702970297029703,
        "precision": 0.9828080229226361,
        "recall": 0.9581005586592178,
        "mcc": 0.9410739464964548,
        "tn": 345.0,
        "tp": 343.0,
        "fn": 15.0,
        "fp": 6.0
    }
}