{
    "name": "misuse_svc_rules_tainted_20_f1_5",
    "timestamp": "",
    "thresholds": {
        "num_thresholds": 51,
        "min_threshold": 0.0,
        "max_threshold": 1.0
    },
    "optimum": {
        "threshold": 0.48,
        "f1_score": 0.966789667896679,
        "precision": 0.9727722772277227,
        "recall": 0.960880195599022,
        "mcc": 0.928684415803411,
        "tn": 340.0,
        "tp": 393.0,
        "fn": 16.0,
        "fp": 11.0
    },
    "default": {
        "threshold": 0.5,
        "f1_score": 0.9664596273291927,
        "precision": 0.9823232323232324,
        "recall": 0.9511002444987775,
        "mcc": 0.9292657799365264,
        "tn": 344.0,
        "tp": 389.0,
        "fn": 20.0,
        "fp": 7.0
    }
}