{
    "name": "misuse_svc_rules_tainted_30_f1_5",
    "timestamp": "",
    "thresholds": {
        "num_thresholds": 51,
        "min_threshold": 0.0,
        "max_threshold": 1.0
    },
    "optimum": {
        "threshold": 0.5,
        "f1_score": 0.9555236728837877,
        "precision": 0.9823008849557522,
        "recall": 0.9301675977653632,
        "mcc": 0.9139030722494638,
        "tn": 345.0,
        "tp": 333.0,
        "fn": 25.0,
        "fp": 6.0
    },
    "default": {
        "threshold": 0.5,
        "f1_score": 0.9555236728837877,
        "precision": 0.9823008849557522,
        "recall": 0.9301675977653632,
        "mcc": 0.9139030722494638,
        "tn": 345.0,
        "tp": 333.0,
        "fn": 25.0,
        "fp": 6.0
    }
}