{
    "name": "misuse_svc_rules_tainted_10_f1_0",
    "timestamp": "",
    "thresholds": {
        "num_thresholds": 51,
        "min_threshold": 0.0,
        "max_threshold": 1.0
    },
    "optimum": {
        "threshold": 0.5,
        "f1_score": 0.9870410367170627,
        "precision": 0.98068669527897,
        "recall": 0.9934782608695653,
        "mcc": 0.9699119154983625,
        "tn": 342.0,
        "tp": 457.0,
        "fn": 3.0,
        "fp": 9.0
    },
    "default": {
        "threshold": 0.5,
        "f1_score": 0.9870410367170627,
        "precision": 0.98068669527897,
        "recall": 0.9934782608695653,
        "mcc": 0.9699119154983625,
        "tn": 342.0,
        "tp": 457.0,
        "fn": 3.0,
        "fp": 9.0
    }
}