{
    "name": "misuse_svc_rules_tainted_10_f1_6",
    "timestamp": "",
    "thresholds": {
        "num_thresholds": 51,
        "min_threshold": 0.0,
        "max_threshold": 1.0
    },
    "optimum": {
        "threshold": 0.46,
        "f1_score": 0.9815418023887079,
        "precision": 0.9804772234273319,
        "recall": 0.9826086956521739,
        "mcc": 0.9572938197121831,
        "tn": 342.0,
        "tp": 452.0,
        "fn": 8.0,
        "fp": 9.0
    },
    "default": {
        "threshold": 0.5,
        "f1_score": 0.9813800657174151,
        "precision": 0.9889624724061811,
        "recall": 0.9739130434782609,
        "mcc": 0.9575531439255436,
        "tn": 346.0,
        "tp": 448.0,
        "fn": 12.0,
        "fp": 5.0
    }
}