{
    "name": "misuse_svc_rules_tainted_30_f1_8",
    "timestamp": "",
    "thresholds": {
        "num_thresholds": 51,
        "min_threshold": 0.0,
        "max_threshold": 1.0
    },
    "optimum": {
        "threshold": 0.5,
        "f1_score": 0.9719101123595506,
        "precision": 0.9774011299435028,
        "recall": 0.9664804469273743,
        "mcc": 0.9436433675131035,
        "tn": 343.0,
        "tp": 346.0,
        "fn": 12.0,
        "fp": 8.0
    },
    "default": {
        "threshold": 0.5,
        "f1_score": 0.9719101123595506,
        "precision": 0.9774011299435028,
        "recall": 0.9664804469273743,
        "mcc": 0.9436433675131035,
        "tn": 343.0,
        "tp": 346.0,
        "fn": 12.0,
        "fp": 8.0
    }
}