{
    "name": "misuse_svc_rules_tainted_30_f1_6",
    "timestamp": "",
    "thresholds": {
        "num_thresholds": 51,
        "min_threshold": 0.0,
        "max_threshold": 1.0
    },
    "optimum": {
        "threshold": 0.5,
        "f1_score": 0.9610027855153204,
        "precision": 0.9583333333333334,
        "recall": 0.9636871508379888,
        "mcc": 0.9210180765216477,
        "tn": 336.0,
        "tp": 345.0,
        "fn": 13.0,
        "fp": 15.0
    },
    "default": {
        "threshold": 0.5,
        "f1_score": 0.9610027855153204,
        "precision": 0.9583333333333334,
        "recall": 0.9636871508379888,
        "mcc": 0.9210180765216477,
        "tn": 336.0,
        "tp": 345.0,
        "fn": 13.0,
        "fp": 15.0
    }
}