{
    "name": "misuse_svc_rules_tainted_10_f1_7",
    "timestamp": "",
    "thresholds": {
        "num_thresholds": 51,
        "min_threshold": 0.0,
        "max_threshold": 1.0
    },
    "optimum": {
        "threshold": 0.5,
        "f1_score": 0.9870129870129869,
        "precision": 0.9827586206896551,
        "recall": 0.991304347826087,
        "mcc": 0.9698708313308552,
        "tn": 343.0,
        "tp": 456.0,
        "fn": 4.0,
        "fp": 8.0
    },
    "default": {
        "threshold": 0.5,
        "f1_score": 0.9870129870129869,
        "precision": 0.9827586206896551,
        "recall": 0.991304347826087,
        "mcc": 0.9698708313308552,
        "tn": 343.0,
        "tp": 456.0,
        "fn": 4.0,
        "fp": 8.0
    }
}