{
    "name": "misuse_svc_rules_tainted_10_f1_2",
    "timestamp": "",
    "thresholds": {
        "num_thresholds": 51,
        "min_threshold": 0.0,
        "max_threshold": 1.0
    },
    "optimum": {
        "threshold": 0.5,
        "f1_score": 0.9758241758241759,
        "precision": 0.9866666666666667,
        "recall": 0.9652173913043478,
        "mcc": 0.9452299406034489,
        "tn": 345.0,
        "tp": 444.0,
        "fn": 16.0,
        "fp": 6.0
    },
    "default": {
        "threshold": 0.5,
        "f1_score": 0.9758241758241759,
        "precision": 0.9866666666666667,
        "recall": 0.9652173913043478,
        "mcc": 0.9452299406034489,
        "tn": 345.0,
        "tp": 444.0,
        "fn": 16.0,
        "fp": 6.0
    }
}