{
    "name": "misuse_svc_rules_tainted_10_f1_5",
    "timestamp": "",
    "thresholds": {
        "num_thresholds": 51,
        "min_threshold": 0.0,
        "max_threshold": 1.0
    },
    "optimum": {
        "threshold": 0.5,
        "f1_score": 0.973568281938326,
        "precision": 0.9866071428571429,
        "recall": 0.9608695652173913,
        "mcc": 0.9403918914591864,
        "tn": 345.0,
        "tp": 442.0,
        "fn": 18.0,
        "fp": 6.0
    },
    "default": {
        "threshold": 0.5,
        "f1_score": 0.973568281938326,
        "precision": 0.9866071428571429,
        "recall": 0.9608695652173913,
        "mcc": 0.9403918914591864,
        "tn": 345.0,
        "tp": 442.0,
        "fn": 18.0,
        "fp": 6.0
    }
}