{
    "name": "misuse_svc_rules_tainted_20_f1_9",
    "timestamp": "",
    "thresholds": {
        "num_thresholds": 51,
        "min_threshold": 0.0,
        "max_threshold": 1.0
    },
    "optimum": {
        "threshold": 0.5,
        "f1_score": 0.9727722772277227,
        "precision": 0.9849624060150376,
        "recall": 0.960880195599022,
        "mcc": 0.9422123151482025,
        "tn": 345.0,
        "tp": 393.0,
        "fn": 16.0,
        "fp": 6.0
    },
    "default": {
        "threshold": 0.5,
        "f1_score": 0.9727722772277227,
        "precision": 0.9849624060150376,
        "recall": 0.960880195599022,
        "mcc": 0.9422123151482025,
        "tn": 345.0,
        "tp": 393.0,
        "fn": 16.0,
        "fp": 6.0
    }
}