{
    "name": "misuse_svc_rules_tainted_20_f1_0",
    "timestamp": "",
    "thresholds": {
        "num_thresholds": 51,
        "min_threshold": 0.0,
        "max_threshold": 1.0
    },
    "optimum": {
        "threshold": 0.48,
        "f1_score": 0.9690210656753407,
        "precision": 0.9824120603015075,
        "recall": 0.9559902200488998,
        "mcc": 0.934366242415037,
        "tn": 344.0,
        "tp": 391.0,
        "fn": 18.0,
        "fp": 7.0
    },
    "default": {
        "threshold": 0.5,
        "f1_score": 0.968944099378882,
        "precision": 0.9848484848484849,
        "recall": 0.9535452322738386,
        "mcc": 0.9345490169630065,
        "tn": 345.0,
        "tp": 390.0,
        "fn": 19.0,
        "fp": 6.0
    }
}