{
    "name": "misuse_svc_rules_tainted_30_f1_0",
    "timestamp": "",
    "thresholds": {
        "num_thresholds": 51,
        "min_threshold": 0.0,
        "max_threshold": 1.0
    },
    "optimum": {
        "threshold": 0.5,
        "f1_score": 0.9531914893617022,
        "precision": 0.968299711815562,
        "recall": 0.9385474860335196,
        "mcc": 0.9073673290121502,
        "tn": 340.0,
        "tp": 336.0,
        "fn": 22.0,
        "fp": 11.0
    },
    "default": {
        "threshold": 0.5,
        "f1_score": 0.9531914893617022,
        "precision": 0.968299711815562,
        "recall": 0.9385474860335196,
        "mcc": 0.9073673290121502,
        "tn": 340.0,
        "tp": 336.0,
        "fn": 22.0,
        "fp": 11.0
    }
}