{
    "name": "misuse_svc_rules_tainted_20_f1_3",
    "timestamp": "",
    "thresholds": {
        "num_thresholds": 51,
        "min_threshold": 0.0,
        "max_threshold": 1.0
    },
    "optimum": {
        "threshold": 0.48,
        "f1_score": 0.9638854296388544,
        "precision": 0.9822335025380711,
        "recall": 0.9462102689486552,
        "mcc": 0.9241934093810865,
        "tn": 344.0,
        "tp": 387.0,
        "fn": 22.0,
        "fp": 7.0
    },
    "default": {
        "threshold": 0.5,
        "f1_score": 0.9637046307884857,
        "precision": 0.9871794871794872,
        "recall": 0.941320293398533,
        "mcc": 0.9246918870357308,
        "tn": 346.0,
        "tp": 385.0,
        "fn": 24.0,
        "fp": 5.0
    }
}